Sentence,Actual,Predicted
"in Q1 '10 19 April 2010 - Finnish forest machinery and equipment maker Ponsse Oyj HEL : PON1V said today that it expects to swing to a net profit of some EUR6 .3 m in the first quarter of 2010 , from an EUR9 .6 m loss a year earlier .",positive,positive
"Currently , 95 % of Trainers House 's revenues are attributed to the Finnish market .",neutral,neutral
"The new apartment block is going up very close to the city center , explained Chairman of the Board of AS YIT Ehitus Priit Sauk .",neutral,neutral
The actions are expected to deliver annual cost savings of some EUR15-20m .,positive,positive
The net sales of the Power Plants business were EUR 710.3 million in 2005 .,neutral,positive
"Target company : Tieto Corporation , Business Identity Code : 0101138-5 Date of change in holding : 22 January 2010 Portion of the shares and votes : The current group holding of OP-Pohjola Group Central Cooperative ( OPK ) is 2982 587 shares , which represents 4.14 % of the shares and voting rights .",neutral,neutral
Runway Visual Range is a calculated assessment of the distance that a pilot can see down a runway .,neutral,neutral
The plant will collect raw material from the Baltic Sea region .,neutral,neutral
"At 1411 CET , ArcelorMittal had lost 7.26 % to EUR 17.38 on Euronext Paris , coming at the lead of the blue-chip fallers .",negative,negative
"Under a preliminary estimation , the technology park will measure about 50,000 square meters .",neutral,neutral
The dividends payable annually shall be deducted from the share subscription price .,neutral,neutral
"Honkarakenne also decided yesterday to sell 88,500 of its B series shares to key staff members for EUR2 .9 per share .",neutral,neutral
"Pre-tax profit totaled EUR 397.4 mn , up from EUR 164.7 mn .",positive,positive
Nokia and Capcom announced that Resident Evil Degeneration will be released on N-Gage later this year .,neutral,neutral
"The port facilities ' throughput is 250,000 TEUs and 7.5 mln tons of general cargo .",neutral,neutral
Ruukki 's order book at the end of 2010 was 30 % up year-on-year and 10 % up quarter-on-quarter .,positive,positive
Sales by Seppala diminished by 6 per cent .,negative,negative
The estimated annual value of the frame agreement is about EUR 50mn .,neutral,positive
Subject-matter of the invention furthermore is the use of the cyclone for separating partly molten particles . '',neutral,neutral
He wore a black beanie-type cap and a black jacket .,neutral,neutral
The real estate company posted a net loss of +ó  x201a -¼ 59.3 million +ó  x201a -¼ 0.21 per share compared with a net profit of +ó  x201a -¼ 31 million +ó  x201a -¼ 0.11 per share for the corresponding quarter of 2007 .,negative,negative
"Retail chain Suomen L+ñhikauppa was given the index 5.8 , airline SAS 5.8 , TeliaSonera 's broadband 6.1 , German retail chain Lidl 6.1 , Tele Finland 's mobile subscriptions 6.1 , Tallink shipping line 6.3 , and power company Helsinki Energy 6.3 .",neutral,neutral
Changes to the as-built models from the design were communicated to the subcontractors to accommodate them into the steel and GRC glass reinforced concrete fabrication process .,neutral,neutral
"( ADP News ) - Jan 22 , 2009 - Finnish mobile phones maker Nokia Oyj ( OMX : NOK1V ) said today its operating profit decreased to EUR 5 billion ( USD 6.5 bn ) for 2008 from EUR 8 billion for 2007 .",negative,negative
Operating profit rose to EUR 5mn from EUR 2.8 mn in the fourth quarter of 2008 .,positive,positive
"As part of the transaction , the +ä+ñnekoski paper mill remained in M-real 's ownership and continued Galerie Art production for Sappi under a long-term contract .",neutral,neutral
"Neste oil 's board proposed 1.00 eur dividend for the full-year 2007 , compared with 0.90 eur a year ago .",positive,positive
"According to the company , a decision in the issue will be made in the summer of 2010 , at the earliest , and in the summer of 2011 , at the latest .",neutral,neutral
The Board of Directors was authorized to decide on other terms of the share issue .,neutral,neutral
"The gross area of eight houses will be 12,167 m2 .",neutral,neutral
Merrill Lynch analyst Campbell Morgan upgraded his recommendation on PaperlinX from `` neutral '' to `` buy '' in May .,positive,positive
"The segments through which the company operates are Frozen Food business , Seafoods , Vegetable Oil business , Grain Trading and Other business operations .",neutral,neutral
"Talentum expects that the net sales of its core business will increase in 2008 , compared to 2007 .",positive,positive
"The EBRD is using its own funds to provide a 21.6 mln A loan while the B portion of 10 mln Euros has been syndicated to two Finnish commercial banks , Nordea Bank Finland Plc 7.7 mln Euros and Pohjola Bank Plc 2.3 mln Euros .",neutral,neutral
Net sales grew in the period to  x20ac 402 million $ 585US million from  x20ac 401 million in 2006 .,positive,neutral
Cargotec will also move Hallberg-Ivarsson 's service and installation business under the same roof with its service center for Kalmar and MacGregor solutions in Gothenburg .,neutral,neutral
"Paychex has more than 100 offices serving approximately 554,000 payroll clients nationwide as of May 31 , 2009 .",neutral,neutral
Finnish metal components supplier Componenta Oyj said its net profit went up to 3.5 mln euro $ 4.5 mln in 2006 from 2.2 mln euro $ 2.8 mln in 2005 .,positive,positive
Vacon recently announced plans to build its North American headquarters at 5 Business Park in Chambersburg .,neutral,neutral
"Both operating profit and turnover for the six-month period increased , respectively , from EUR17 .6 m and EUR1149 .9 m , as compared to the corresponding period in 2007 .",positive,positive
"9 September 2010 - Finnish stationery and gift retailer Tiimari HEL : TII1V said today its net sales rose by 2 % year-on-year to EUR5 .7 m in August 2010 , driven by growth in Finland , while demand in the Baltics remained weak .",positive,neutral
The Department Store Division reported an increase in sales of 4 per cent .,positive,positive
Mr. Koistinen joins from Nokia Siemens Networks where he has held various senior sales management and business development positions since 1997 .,neutral,neutral
"Ruukki 's delivery includes steel structures , including installation , for Krakeroy bascule bridge and steel piles for the bridge foundations .",neutral,neutral
"Aug. 17 , 2010 ( Curbed delivered by Newstex ) -- And now , the latest from Racked , covering shopping and retail from the sidewalks up .",neutral,neutral
The order is included in Metso 's fourth quarter 2007 order backlog .,neutral,neutral
Cash flow from operations in January-December 2008 was a negative EUR 18.1 mn compared to EUR 39.0 mn in the corresponding period in 2007 .,negative,negative
"Erkki Jarvinen , President of Rautakirja and the head of the Sanoma Trade division , will leave his current tasks in spring 2009 for a similar position outside the Sanoma Group .",neutral,neutral
"China Unicom , NYSE : CHU , HKSE : 0762 , and SHSE : 600050 , the second largest mobile carrier in the country .",neutral,neutral
"Elisa said mobile subscriptions grew 7 percent during 2007 , mainly because of customers adopting so-called third generation mobile technology .",positive,positive
"Finland 's Technopolis is planning to bring the first section of a technopark on stream in St. Petersburg at the end of 2008 , Kari Mikkonen , vice president of Technopolis , told reporters in Helsinki .",neutral,neutral
Finnish Bank of +àland 's consolidated net operating profit increased from EUR 4.8 mn in the first quarter of 2005 to EUR 6.4 mn in the first quarter of 2006 .,positive,positive
"The price of raw material aluminium went up at the end of 2005 , but the company considers its outlook for 2006 favourable .",positive,neutral
"In future , the plant will focus on the production of flange profiles for wind farm towers .",neutral,neutral
The project also implies an underground parking lot for 56 vehicles .,neutral,neutral
Finnish Cargotec 's Kalmar has received a significant order from the US Department of Defense .,positive,positive
"A total of 1,800,000 stock options were issued in the 2003 stock option scheme .",neutral,neutral
Net sales increased to EUR655m in April to June 2010 from EUR438m a year earlier .,positive,positive
"The record date for dividend distribution is March 14 , 2008 .",neutral,neutral
Combining this deep domain expertise with our Application Service Management ASM and outsourcing service offerings has now proved to be a winning combination .,positive,positive
Odell has not contacted the State of Finland in this issue .,neutral,neutral
The total project duration is three years and it is valued at some EUR11 .5 m.,neutral,positive
"Finnish Metso Paper has been awarded a contract for the rebuild of Sabah Forest Industries ' ( SFI ) pulp mill in Sabah , Malaysia .",positive,neutral
28 October 2010 - Finnish wood products technology supplier Raute Oyj HEL : RUTAV said today it swung to a net profit of EUR3m for the first nine months of 2010 versus a net loss of EUR5 .2 m for the same period a year earlier .,positive,positive
The value of the orders is over EUR 25mn .,neutral,positive
The duration of the contract is 37 months .,neutral,neutral
Olvi has posted a strong set of figures for the first six months of this year .,positive,positive
UPM-Kymmene said its has ` not indicated any interest in any domestic consolidations ' .,neutral,neutral
"EBIT excluding non-recurring items , totalled EUR 67.8 mn , up from EUR 38.1 mn .",positive,positive
"Operating profit margin was 8.3 % , compared to 11.8 % a year earlier .",negative,negative
The phones are targeted at first time users in growth markets .,neutral,neutral
"Operating profit , excluding non-recurring items , totalled EUR 1.0 mn , down from EUR 1.6 mn .",negative,negative
"The major part of the deliveries include different AC and CXE amplifier solutions and products by Belgian DINH Telecom , a broadband solutions company acquired by Teleste in the spring of 2007 .",neutral,neutral
Operating result including non-recurring items rose to EUR 146mn from a loss of EUR 267mn in 2009 .,positive,positive
com and possibly also through photo-msn .,neutral,neutral
"comparable operating profit totaled EUR 854mn , up from EUR 730mn in 2004 .",positive,positive
"Equity ratio was 60.9 % compared to 54.2 % In the third quarter of 2007 , net sales of the Frozen Foods Business totaled EUR 11.0 , up by about 5 % from the third quarter of 2006 .",positive,positive
"Glaston 's own glass processing unit , Tamglass Glass Processing , is a manufacturer of high quality safety glass products operating in Finland .",neutral,neutral
"Commission income decreased to EUR 3.8 mn , compared to EUR 4.6 mn in the third quarter of 2007 .",negative,negative
"ADP News - Apr 22 , 2009 - Finnish business information systems developer Solteq Oyj HEL : STQ1V said today its net loss widened to EUR 189,000 USD 245,000 for the first quarter of 2009 from EUR 10,000 for the same peri",negative,negative
"BasWare 's CEO Ilkka Sihvo comments in conjunction with the Interim Report : `` As a whole , BasWare succeeded well in the second quarter of 2007 .",positive,positive
Shuweihat 2 got under way in July 2008 when the project was awarded to desalination and power contractors .,neutral,neutral
"At the same time profit of the company increased by 10 % in H1 and reached Ls 79,000 .",positive,positive
"The company generates net sales of about 600 mln euro $ 775.5 mln annually and employs 6,000 .",neutral,neutral
`` We are pleased with the efforts of both negotiating teams and look forward to a productive four years ahead . '',positive,positive
The EUR 0.7 million non-recurring expenses have been recorded for the third quarter .,neutral,negative
"Earnings per share for the quarter were also higher year-on-year at 0.33 eur versus 0.27 , and above market expectations of 0.28 eur .",positive,positive
"Frost sold shares for $ 19 million at $ 6.06-7 .12 per share , compared with Friday 's high of $ 11.33 and low of $ 10.14 .",negative,positive
"Revenue in July to September grew 14 percent to ( EURO ) 467 million from a year earlier , the company said Thursday .",positive,positive
The bank sees a potential for Getinge share to rise .,positive,positive
"Operating profit totalled EUR 0.4 mn , up from an operating loss of EUR 0.8 mn year-on-year .",positive,positive
Passenger-related revenue rose by 5.1 % to EUR 460.8 mn from EUR 438.5 mn in 2009 .,positive,positive
"Finnish airline Finnair has won a deal with the UK public sector to be the official airline for flights from London Heathrow to Osaka in Japan , as well as flights between Manchester in the UK and Helsinki in Finland .",positive,positive
"Patrick Jeambar will also continue being responsible for Innovation and Health , safety and environment HSEA functions of Ahlstrom Corporation .",neutral,neutral
"For 2009 , net profit was EUR3m and the company paid a dividend of EUR1 .30 apiece .",neutral,positive
"For the current year , Raute expects its net sales to increase and the operating result -- to be positive .",positive,positive
"The total delivery volume of paper businesses in 2010 was 1,155,000 tonnes , up from 1,132,000 tonnes in 2009 .",positive,positive
No changes in media activity were seen in October compared with September .,neutral,neutral
"In Q2 of 2009 , profit before taxes amounted to EUR 13.6 mn , down from EUR 26.8 mn in Q2 of 2008 .",negative,negative
Amanda Capital has investments in 22 private equity funds and in over 200 unquoted companies mainly in Europe .,neutral,neutral
"After the restructuring , UPM 's average paper machine capacity in Europe will be 320,000 tons ( 350,000 short tons ) in coated magazine paper and 420,000 tons ( 460,000 short tons ) in coated fine paper .",neutral,neutral
Grounds for the notification : Tiimari Plc 12/30/2010 issued Capital Convertible Loan allocation decision by the Board on 01/31/2011 .,neutral,neutral
Nokia Messaging 1.1 enables customers to receive e-mails from up to 10 e-mail accounts on their mobile phone supporting all POP or IMAP e-mail services .,neutral,neutral
"( ADP News ) - Nov 5 , 2008 - Finnish electronic measurement products and solutions maker Vaisala Oyj ( OMX : VAIAS ) said today that its net profit rose to EUR 18 million ( USD 23.1 m ) for the first nine months of 2008 from EUR 1",positive,positive
"`` We 're delighted with the move '' says Morna Cowie , co-owner , above , `` it 's double the size of our current shop and has a lovely feel to it . ''",positive,positive
Viking Line manages well with its current ferries .,positive,positive
More than 80 special events in the three counties during four months were hosted by the library system and its nine branch libraries .,neutral,neutral
The mill is concentrating on getting the supercalendered line running satisfactorily before restarting its older newsprint line .,neutral,neutral
"Viking will pay EUR 130 million for the new ship , which will be completed in January 2008 .",neutral,neutral
"Our customers include companies in the energy and process industry sectors , in particular .",neutral,neutral
"YIT lodged counter claims against Neste Oil totaling some EUR25m , primarily based on work carried out under the contract and additional costs incurred due to prolongation of the project .",negative,negative
"The Group owns and operates a fleet of more than 800dwt , while container capacity is 17,000 TEUs , and manages a diversified fleet of its own railway rolling stock of over 17,000 units .",neutral,neutral
"The EU Commission said earlier it had fined ThyssenKrupp , United Technologies Corp 's Otis , Schindler AG and Kone Oyj a total of 992.3 mln eur for alleged cartel activity in the lift market going back twelve years .",negative,negative
The company continued the development of a fully human antibody in its VAP-1 antibody program .,neutral,neutral
Eriikka S+Âderstr+Âm has previously held several positions in finance and control at Nokia Networks including acting as the Business Group Controller and having the corporate controller position at Nokia Siemens Networks .,neutral,neutral
The financial details of the acquisition were not disclosed .,neutral,neutral
"During the strike , Finnair estimates to incur a net loss of between EUR2m and EUR2 .5 m per day .",negative,negative
He is a Chartered Accountant in British Columbia and Alberta as well as a Certified Public Accountant in Washington State .,neutral,neutral
Construction volumes meanwhile grow at a rate of 10-15 percent annually .,positive,positive
"The company 's net profit amounted to EE 55.5 mn , which was 36 % more than in 2004 .",positive,positive
"Complete name of shareholder : Otto Henrik Bernhard Nyberg For further information , please contact Maija-Liisa Friman , CEO , tel. +358 9 7597 0711 .",neutral,neutral
"At the beginning of the subscription period on May 2 , 2006 the share subscription price under B option right is EUR 10.22 per share .",neutral,neutral
"Indigo and Somoncom serve 377,000 subscribers and had a market share of approximately 27 % as of May 2007 .",neutral,neutral
Rapala aims to move the distribution unit Ragot from Loudeac in Bretagne and the distribution unit Waterqueen and the fishing line supplier Tortue from Saint Marcel in Central France to Morvillars .,neutral,neutral
"Elcoteq SE Stock Exchange Announcement February 4 , 2009 at 10.00 am ( EET ) Elcoteq will publish its financial statements bulletin 2008 on Wednesday , February 11 , at 9.00 am ( EET ) .",neutral,neutral
"The total size of the complex is around 25,000 m2 and the project will be constructed in stages .",neutral,neutral
"Finnish investment group Panostaja Oyj said its net profit went up to 8.6 mln euro $ 11.4 mln in fiscal 2005-06 , ended October 31 , 2006 , from 2.8 mln euro $ 3.7 mln in the same period of fiscal 2004-05 .",positive,positive
Operating profit improved to EUR 20.3 mn from EUR 11.4 mn .,positive,positive
"The contract includes design , construction , delivery of equipment , installation and commissioning .",neutral,neutral
"3 January 2011 - Scandinavian lenders Sampo Bank ( HEL : SAMAS ) , Pohjola Bank ( HEL : POH1S ) and Svenska Handelsbanken ( STO : SHB A ) have provided a EUR160m ( USD213m ) line of credit to Lemminkainen Oyj ( HEL : LEM1S ) , the Finnish construction firm said on Friday .",neutral,neutral
"Its product portfolio comprises harvesters , forwarders , harvester heads , as well as cranes and loaders .",neutral,neutral
"Finnish broadband data communication systems provider Teleste Oyj HEL : TLT1V said yesterday it returned to a net profit of EUR 2.7 million USD 3.8 m for the first nine months of 2010 versus a net loss of EUR 579,000 for the same period of 2009 .",positive,positive
"The earnings per share for the quarter came in at 0.25 eur , up from the 0.20 eur of the same quarter a year earlier .",positive,positive
The figure does not include food exports from Finland .,neutral,neutral
"In the first quarter of 2008 , Sacanfil 's net sales totalled EUR 50.0 mn and its operating profit EUR 4.7 mn .",neutral,positive
"Tecnomen 's solution can be used for prepaid and post-paid billing , for charging and rating of voice and video calls , data traffic and any kind of content services in both mobile and fixed networks .",neutral,neutral
"The new majority owners of Aspocomp Thailand Co. , Ltd are certain private persons belonging to immediate circle of Aspocomp 's present Joint Venture partner , Saha Pathana Inter-Holding Plc. .",neutral,neutral
18:30 Dinner The conference program can also be viewed as a live audio webcast through the internet pages at www.citycon.com .,neutral,neutral
"Net sales surged by 18.5 % to EUR167 .8 m. Teleste said that EUR20 .4 m , or 12.2 % , of the sales came from the acquisitions made in 2009 .",positive,positive
The parties have agreed not to disclose the transaction value .,neutral,neutral
The solid fuel is heated before sludge is mixed therein . '',neutral,neutral
"About 36 % of this came from Aspo Chemicals , 39 % from Aspo Shipping and 25 % from Aspo Systems .",neutral,neutral
The rationalization of the operations seeks to achieve over EUR 1 million in yearly savings as from the second quarter of the current financial year .,positive,positive
Operating profit of the Asian plants grew markedly .,positive,positive
The proposal that the Board of Directors will make at the Annual General Meeting is attached as a whole to this release .,neutral,neutral
The value of the orders is over EUR 10mn .,neutral,positive
"Cargo traffic fell 1 % year-on-year to 8,561 tonnes in September 2009 .",negative,negative
"New Chairman of the Board of Directors , Mr Chaim Katzman , will give a presentation and answer questions .",neutral,neutral
"The Stena Poseidon is a so-called Panamax tanker , designed to be able to pass through the narrow passages in the Panama Canal 's locks .",neutral,neutral
"Financial Statements include the consolidated financial statements of the Group , the Board of Directors ' Report , the Auditors ' Report and the Corporate Governance Statement .",neutral,neutral
Talentum 's net sales in September were smaller than expected .,negative,negative
"Finnair PLC carried a record 8.8 million passengers in 2006 , an increase of 3.5 percent on the previous year , the Finnish national carrier reported Tuesday .",positive,positive
The combined value of the planned investments is about EUR 30mn .,neutral,positive
"A maximum of 666,104 new shares can further be subscribed for by exercising B options under the 2004 stock option plan .",neutral,neutral
A few employees would remain at the Oulu plant in support functions for other group units .,neutral,neutral
"The move will be carried out by transferring HKScan 's production-related property , plant , equipment , as well as its holdings in subsidiaries and associate companies in the country to HKScan Finland .",neutral,neutral
The Extraordinary General Meeting is expected to take place no later than 18 February 2011 .,neutral,neutral
"The order includes a log handling line , peeling line and drying line for the production of parquet base layer veneer for Plyfa 's Hassela mill , central Sweden .",neutral,neutral
"ALEXANDRIA , Va. , March 15 -- Jaakko Vilo of Turku , Finland , has developed a panel press .",neutral,neutral
"Finnish metal products company Componenta Oyj ( HEL : CTH1V ) said today its net loss narrowed to EUR 500,000 ( USD 680,000 ) in the last quarter of 2010 from EUR 5.3 million for the same period a year earlier .",positive,negative
M-real 's sales are expected to have increased by 4 % year-on-year to EUR609m in the second quarter of 2010 .,positive,positive
Their offering also covers localisation services related to production transfer to the Finnish company 's customers that already have production in Asian market or have made the decision to transfer production there .,neutral,neutral
"Both operating profit and turnover for the six-month period increased , respectively from EUR0 .1 m and EUR29 .0 m , as compared to the corresponding period a year ago .",positive,positive
Raute is listed on the Nordic exchange in Helsinki .,neutral,neutral
"The world 's second largest stainless steel maker said net profit in the three-month period until Dec. 31 surged to euro603 million US$ 781 million , or euro3 .33 US$ 4.31 per share , from euro172 million , or euro0 .94 per share , the previous year .",positive,positive
"Tiimari 's registered share capital is 16,474,755 shares as per today .",neutral,neutral
"The mall will be financed on a parity basis by Pearl Plaza LLC , the joint venture company established by the Chinese investor Shanghai Industrial Investment Holdings Co Ltd , and SRV Group .",neutral,neutral
The estimated value of the deal is USD 9.2 million .,neutral,positive
The terms and conditions of the year 2003 stock option scheme were published in a stock exchange release on 31 March 2003 .,neutral,neutral
"Result before taxes decreased to nearly EUR 14.5 mn , compared to nearly EUR 20mn in the previous accounting period .",negative,negative
"Product coverage : baked goods ; biscuits ; breakfast cereals Data coverage : market sizes historic and forecasts , company shares , brand shares and distribution data .",neutral,neutral
The agreement must be approved by the Russian competition authorities before it enters into force .,neutral,neutral
The Department Store Division 's sales fell by 8.6 % to EUR 140.2 mn .,negative,negative
"Profit before taxes amounted to EUR 56.5 mn , down from EUR 232.9 mn a year ago .",negative,negative
Mursula said they tried to gather macro-economic perspective to see how Malaysia was doing .,neutral,neutral
"CapMan , an asset manager , has EUR 3bn worth of assets under management in the Nordic region .",neutral,neutral
The contract includes heating plant equipment and associated installation work .,neutral,neutral
Operating profit rose to EUR 103.4 mn from EUR 23.2 in the corresponding period in 2006 .,positive,positive
"Operating profit totalled EUR 83.0 mn , up from EUR 23.5 mn year-on-year .",positive,positive
"Operating profit totaled EUR 3.8 mn , down from EUR 4.5 mn in the corresponding period in 2005 .",negative,negative
Efore 's results for the last quarter showed an even faster improvement as the company managed to better source its components .,positive,positive
Profit for the period increased from EUR 2.9 mn to EUR 10.5 mn .,positive,positive
"According to Finnish FIM Bank , Alpro 's price would be around EUR 100mn-150mn .",neutral,neutral
STOCK EXCHANGE ANNOUNCEMENT 20 July 2006 1 ( 1 ) BASWARE SHARE SUBSCRIPTIONS WITH WARRANTS AND INCREASE IN SHARE CAPITAL A total of 119 850 shares have been subscribed with BasWare Warrant Program .,neutral,neutral
"Systeemitiimi 's sales and project resources will also be strengthened , director Paul Skogberg said .",positive,neutral
Operating income rose to EUR 696.4 mn from EUR 600.3 mn in 2009 .,positive,positive
"The share capital of Alma Media Corporation business ID 1944757-4 is EUR 44,767,513.80 and it is divided into 74,612,523 shares .",neutral,neutral
Net profit fell by almost half to +é 5.5 million from +é 9.4 million at the end of 2007 .,negative,negative
"The approximately 20,000 dwt vessel has been ordered from India .",neutral,neutral
Tielinja generated net sales of 7.5 mln euro $ 9.6 mln in 2005 .,neutral,neutral
"Goodwill and other intangible assets account for some 2.0 mln euro ( $ 2.6 mln ) of the purchase price , 20 pct of which payable in Aspo shares .",neutral,neutral
"The five-storey , eco-efficient building will have a gross floor area of about 15,000 sq m. It will also include apartments .",neutral,neutral
Almost two thirds of Olvi 's net sales come from outside Finland .,neutral,positive
"The changes will take effect on 1 January 2010 , and they are not estimated to have an impact on the number of employees .",neutral,neutral
"The company designs , manufactures and markets advanced composite products for industrial applications and consumer goods such as cross-country , alpine and Nordic Walking poles , floorball sticks and antenna radomes .",neutral,neutral
"The company 's transportation business is conducted through Florida Rock & Tank Lines , which is a Southeastern transportation company concentrating in the hauling by motor carrier of liquid and dry bulk commodities .",neutral,neutral
"Elcoteq Dongguan was established in 1999 in the Nancheng District of Dongguan , China and is one of Elcoteq s four volume manufacturing plants in the Asia-Pacific region .",neutral,neutral
"According to HK Ruokatalo , almost all the meat used by the company comes from Finland .",neutral,neutral
The terms and conditions of the Stock Option Scheme 2008 are available on the Company 's internet pages www.sanoma.com .,neutral,neutral
"Qualcomm estimated a first-quarter profit between 46 and 50 cents a share , excluding certain items , below the analyst estimate of 61 cents a share .",negative,negative
"Global sports equipment maker Amer Sports Corp. , whose brands include Atomic , Salomon and Wilson , saw a 64 percent increase in third-quarter net profit to EURO 47.4 million $ 65 million on strong sales and cost cuts .",positive,positive
Passenger volumes rose by 8.4 % in the accounting period .,positive,positive
Any investment or investment activity to which this communication relates is only available to relevant persons and will be engaged in only with relevant persons .,neutral,neutral
Finnish Bank of +àland will launch its long-term pension savings account at the beginning of June 2010 .,neutral,neutral
The value of the contract is EUR 25mn .,neutral,positive
"London 's leading shares today jumped almost 100 points , or 1.7 % , as the market opened .",positive,positive
"Simultaneously , his responsibility area is extended from legal affairs to cover also mergers and acquisitions .",neutral,neutral
ABN : 59 087 901 620 now represent 5.10 % of the voting rights and share capital of Citycon Oyj .,neutral,neutral
The company specialises in temporary electrification and heating at construction sites .,neutral,neutral
"( ADP News ) - Feb 6 , 2009 - Finnish fishing tackle company Rapala VMC Corp ( HEL : RAP1V ) said today its net profit rose to EUR 19.2 million ( USD 24.6 m ) for 2008 from EUR 17.5 million for 2007 .",positive,positive
The transaction is planned to be financed with a EUR40m market-based loan granted by Standard Chartered Bank Hong Kong .,neutral,neutral
Their names have not yet been released .,neutral,neutral
The company website is www.ahlstrom.com .,neutral,neutral
Finnish-Swedish TietoEnator is expanding its business quickly in Russia .,positive,positive
"Tiimari , the Finnish retailer , reported to have geenrated quarterly revenues totalling EUR 1.3 mn in the 4th quarter 2009 , up from EUR 0.3 mn loss in 2008 .",positive,positive
"Founded in 1923 , Finnair is one of the world 's oldest airlines and flies to 60 destinations with a fleet of 63 aircraft , employing 9,500 people .",neutral,neutral
"CapMan has four investment areas ( CapMan Buyout , CapMan Technology , CapMan Life Science and CapMan Real Estate ) , and each of them has a dedicated team .",neutral,neutral
Rental of building equipment accounted for 88 percent of the operating income .,neutral,neutral
"The company 's profit before taxes fell to EUR 21.1 mn in the third quarter of 2008 , compared to EUR 35.8 mn in the corresponding period in 2007 .",negative,negative
The company then said it will focus its resources on clinical research .,neutral,neutral
"The fixed-term contract of Mr. Jarmo Ukonaho , the current General Manager of Incap 's Indian operations , will finish by the end of the year .",neutral,neutral
The deal is subject to approval by the Norwegian competition authorities .,neutral,neutral
"Following the demerger , the vice president of the group 's pharmaceutical trade in Finland , Jukka Niemi , will be appointed managing director of Oriola in addition to his current responsibilities .",neutral,neutral
"Revenue from July to September grew 21 percent to EURO 2.3 billion , the Finnish company said Thursday .",positive,positive
"In 2010 , Sanoma Magazines expects net sales to be at the 2009 level .",neutral,neutral
"In addition to the Tulikivi Corporation , he is also currently a member of the Board of the following companies : Altia Corporation , J+ñrvi-Suomen Portti Osuuskunta , Osuuskunta KPY , Profile Vehicles Oy and Voimatel Oy .",neutral,neutral
Finnish handling systems company Cargotec Oyj ( HEL : CGCBV ) said today that it won a EUR 13 million ( USD 16.6 m ) contract to deliver MacGregor hatch covers for ships ordered by Norwegian shipowner Grieg Shipping .,positive,positive
"The sellers include 40 shareholders , including Intellibis management , employees and other investors .",neutral,neutral
"In 2008 , the deal is likely to bring savings of EUR 20mn-25mn .",positive,positive
Operating profit for 2009 lower than outlook published earlier .,negative,negative
"So far as is known , he did not sell shares that he owns personally .",neutral,neutral
"26 January 2011 - Finnish metal products company Componenta Oyj ( HEL : CTH1V ) said yesterday its net loss narrowed to EUR500 ,000 in the last quarter of 2010 from EUR5 .3 m for the same period a year earlier .",positive,negative
"The customer is then forwarded to the site , and unknown to him logged in with the first number .",neutral,neutral
"Both operating profit and net sales for the nine-month period increased , respectively by 26.6 % and 3.4 % , as compared to the corresponding period in 2006 .",positive,positive
The following information was released by Comptel : Tomorrow the Chairman of the Federal Communications Commission is scheduled to deliver the National Broadband Plan to Congress .,neutral,neutral
Bluewin Security is available as a monthly subscription .,neutral,neutral
`` I am extremely delighted with this project and the continuation of cooperation with Viking Line .,positive,positive
Finnish retail software developer Aldata Solution Oyj reported a net loss of 11.7 mln euro $ 17.2 mln for 2007 versus a net profit of 2.5 mln euro $ 3.7 mln for 2006 .,negative,negative
"Lithuanian beer makers sold 256.88 million liters of beer in 2005 , a rise of 4.5 per cent from the year-earlier figure of 245.92 million liters .",positive,positive
Operating profit rose to EUR 4.7 mn from EUR 4.6 mn .,positive,neutral
"Biohit Oyj develops , manufactures and markets liquid handling products and diagnostic test systems for use in research , healthcare and industrial laboratories .",neutral,neutral
Vacon 's cash flow from operations grew to EUR 37.1 mn from EUR 21.9 mn a year ago .,positive,positive
The turbines are expected to be launched by the end of 2012 .,neutral,neutral
"Tieto 's service is also used to send , process and receive materials related to absentee voting .",neutral,neutral
Rapala said it estimates it will make savings of 1-2 mln eur a year by centralising its French operations at one site .,positive,positive
"Last year , 8.3 million passengers flew the airline , down 4 percent from 2007 .",negative,negative
"Kemira 's R&D organization comprises approximately 750 people , the company said .",neutral,neutral
Profit after taxes totaled EUR 12.1 mn .,neutral,positive
Negotiations with representatives of the personnel regarding the restructuring process have now been ended .,neutral,neutral
"The company said that currently the French distribution unit Ragot is located in Loudeac , Normandy , the distribution unit Waterqueen and line supplier Tortue in Saint Marcel in mid-France and the hook manufacturing unit VMC and hook distribution unit VMC Europe in Morvillars .",neutral,neutral
"Both operating profit and net sales for the six-month period increased , respectively from EUR7 .5 m and EUR655 .5 m , as compared to the corresponding period in 2005 .",positive,positive
In July it and Quadriga Capital sold their Lewa GmbH pump-making business to Japan 's Nikkiso Co. .,neutral,neutral
"Tyrv+ñinen is of the opinion that the airline has been repeating this for some time already , however .",neutral,neutral
"Operating loss totalled EUR 5.2 mn , compared to a loss of EUR 3.4 mn in the corresponding period in 2008-2009 .",negative,negative
"The executive said that countries such as Brazil , Chile , Argentina and Mexico will lead the adoption in the business Ethernet services segment , while Brazil and Mexico will be the early adopters of carrier Ethernet for mobile backhaul .",neutral,neutral
"Includes company and brand share data by category , as well as distribution channel data .",neutral,neutral
The stock rose for a third day on Tuesday bringing its three-day rise to GBX10 .50 or 1.8 % .,positive,positive
That would be an increase from estimated sales of 117 million last year .,positive,positive
25 November 2010 - Finnish paints and coatings company Tikkurila Oyj ( HEL : TIK1V ) said today that Finnish state-owned investment company Solidium Oy sold its 14.7 % stake in the company for a total of EUR98m .,neutral,positive
"Markets had been expecting a poor performance , and the company 's stock was up 6 percent at  x20ac 23.89 US$ 33.84 in early afternoon trading in Helsinki .",positive,positive
"HELSINKI ( Thomson Financial ) - Kone said it has won four orders in Saudi Arabia , United Arab Emirates and Qatar worth 40 mln eur .",positive,positive
"The change in holdings in accordance with Chapter 2 , Section 9 of the Finnish Securities Markets Act is described below .",neutral,neutral
"Earnings per share ( EPS ) amounted to EUR0 .98 , up from the loss of EUR0 .02 .",positive,positive
"4 February 2011 - Finnish broadband data communication systems provider Teleste Oyj HEL : TLT1V said Wednesday its net profit rocketed to EUR4 .8 m in 2010 from EUR416 ,000 in 2009 and it lifted its dividend proposal .",positive,positive
The value of the multi-year agreement is over EUR 2mn a year .,neutral,positive
"Based on the first quarter result , existing order backlog and new order prospects , the company expects that full-year sales will contract by 25 % from 2008 , the gross margin will stay at a healthy level , and the operating profit margin will be lower than in 2008 due to lower sales volume .",negative,negative
The markets expect Heineken to sell Hartwall as a whole or in parts .,neutral,neutral
"Capacity of the facility made by Finland 's Vaahto Group is 86,000 tons of light coated paper .",neutral,neutral
"Sales improved to SEK 1,553 mn , compared with SEK 1,408 mn .",positive,positive
"In addition to verification of an identity and digital signatures , new state-approved Mobile ID enables to cast votes in elections as well .",neutral,neutral
This release is not an offer of securities for sale into the United States or elsewhere .,neutral,neutral
"OTHER  North-Rhine Westphalia - Is to issue a benchmark , 5 year fixed rate deal in Euros .",neutral,neutral
"The share capital of Basware Corporation is 11,720,829 .",neutral,neutral
"FL Group 's private equity division manages all operating companies , including Icelandair Group , FL Travel Group , Bluebird and Sterling .",neutral,neutral
"Earnings per share ( EPS ) amounted to EUR1 .37 , down from EUR2 .30 .",negative,negative
About Dopplr Dopplr is a service for smart travellers .,neutral,neutral
"Latin America currently accounts for approximately 40 % of sales at Tecnotree , company president and CEO Eero Mertano recently told BNamericas .",neutral,positive
"Panostaja owns a 68.77 pct of share capital and the voting rights of Suomen Helasto shares following an exchange of shares which was carried out on May 30 , 2007 .",neutral,neutral
"Helsinki 19 May 2010 - Finnish company Lemminkainen Oyj ( HEL : LEM1S ) said today that it will construct an office building at Toolonlahti in downtown Helsinki , without disclosing financial details .",neutral,neutral
"On the following workday customers can check from their home computers how their purchases are divided between different ingredient groups , how much energy various products contain and what is the nutritional content of all purchases .",neutral,neutral
"The company reported a profit of 800,000 euro ($ 1.2 mln)on the sale of its Varesvuo Partners sub-group and a loss of 400,000 euro $ 623,000 caused by the sale of its program production subsidiary Oy Filmiteollisuus Fine Ab .",neutral,neutral
"Utah 's capital wanted to be the next U.S. headquarters of Amer Sports Corp. , a ski-equipment company .",neutral,neutral
"The last quarter was the best quarter of 2009 in net sales , and the operating margin rose to 12.2 % .",positive,positive
"In the first nine months of 2010 , the company 's net loss narrowed to EUR 415,000 from EUR 7.4 million for the corresponding period of 2009 .",positive,positive
Sunrise Resources operates in Russian near-shore development markets through its wholly-owned Russian subsidiary and has 80 % of its personnel in Russia .,neutral,neutral
"Finnish plumbing and heating systems supplier Uponor 's net sales from continuing operations decreased by 9.4 % in 2008 to EUR 949.2 mn from EUR 1,047.4 mn in 2007 .",negative,negative
"Under the agreement , Larox will transfer 10 employees within engineering and documentation related to delivery projects and product maintenance in Finland to Etteplan as of January 1 , 2007 .",neutral,neutral
"`` After the transaction , Tikkurila has no powder coatings-related operations , '' the company said .",neutral,neutral
"From 2003 on , the emphasis of Kyro 's strategy has been on Glaston 's growth .",neutral,neutral
"In July-September 2009 , Konecranes ' sales decreased to EUR 368.7 mn from EUR 520.4 mn in July-September 2008 .",negative,negative
Mr Jortikka is president of the base metal division of Outotec Oyj in Finland and is on the executive committee of Outotec .,neutral,neutral
Finnish Bore that is owned by the Rettig family has grown recently through the acquisition of smaller shipping companies .,positive,positive
Our standardised services have met with a positive reception among our customers as well as at Itella .,positive,positive
Finnish department store chain Stockmann Oyj Abp net profit rose to 39.8 mln euro ( $ 56.8 mln ) for the first nine months of 2007 from 37.4 mln euro ( $ 53.4 mln ) for the same period of 2006 .,positive,positive
"According to the notification , the holdings of Ameriprice Inc. and its group companies are now in total 808,973 shares , which represent 3.582 % of Tekla -¦ s shares and voting rights .",neutral,neutral
"8,600 m , and at the time of investment it is fully leased to several tenants .",neutral,neutral
"ITG 's share in the deal is estimated at some 500,000 euro $ 627,000 .",neutral,neutral
"The Annual Report contains the financial statements , the consolidated financial statements , the report by the Board of Directors and the auditor 's report .",neutral,neutral
"Incap Corporation Stock Exchange Announcement 29 April 2010 at 1 p.m. INVITATION TO A NEWS CONFERENCE ON INCAP 'S INTERIM REPORT Q1-2010 Incap will publish its interim report for January-March 2010 on Wednesday , 5 May 2010 .",neutral,neutral
"Tecnotree 's convergent charging solution includes functionality for prepaid and post-paid billing , charging and rating of voice calls , video calls and raw data traffic for both mobile and fixed networks .",neutral,neutral
Fancy Dans on the move FAB Glasgow gift and interiors store Fancy Dans is moving !,neutral,neutral
Kone shares dropped 4.1 percent to  x20ac 43 US$ 55.77 in Helsinki .,negative,negative
"The latest result included per-share charges of 5 cents for stock compensation , 1 cent for research and development and 1 cent for strategic investments .",neutral,neutral
Each share is entitled to one vote .,neutral,neutral
"In Sweden , operating profit for the period under review totaled EUR 3.4 mn , up 30.8 % from the corresponding period in 2005 .",positive,positive
`` Our customer has been satisfied with Basware Invoice Automation solution and extends the implementation to new geographies .,positive,positive
"Apartments of YIT Home may be purchased in 5 regions of Russia , where YIT subsidiaries carry out their activities : Moscow and Moscow region , St. Petersburg , Ekaterinburg , Kazan and Rostov-on-Don .",neutral,positive
Kone 's net sales rose by some 14 % year-on-year in the first nine months of 2008 .,positive,positive
The growth of net sales in the first half of 2008 has been 28 % compared with the first half of 2007 .,positive,positive
"We know that it exists , '' Artemyev said .",neutral,neutral
Stora Enso 's third-quarter pre-tax profit doubled to EUR 197mn .,positive,positive
"Tyrvaan Sanomat , published twice a week by Tyrvaan Sanomat Oy , appears in Sastamala and Kiikoinen .",neutral,neutral
"Operating profit totaled EUR 9.4 mn , down from EUR 11.7 mn in 2004 .",negative,negative
AffectoGenimap builds highly customised IT solutions for its customers in Finland and the Baltic countries .,neutral,neutral
Operating profit excluding non-recurring items increased by 27 % to EUR 81.9 mn from EUR 64.4 mn in the corresponding period in 2008 .,positive,positive
"ISMS does not disclose its financial results , the daily said .",neutral,neutral
He joined Rautakirja in 1997 to lead one of its four business areas and took up the position of President and CEO in 2001 .,neutral,neutral
The contract value amounts to EUR 2.4 million .,neutral,positive
"Cost savings will then rise to some 20 mln eur a year from 2007 , OKO said .",positive,positive
Neste Oil Corporation Refining Operation Asset Summary Report Summary Neste Oil Corporation Refining Operation Assets Summary Report is an essential source for company data and information .,neutral,neutral
Comparable operating profit decreased to EUR 13.8 mn from EUR 17.1 mn in the corresponding period in 2005 .,negative,negative
Finnair 's total traffic decreased by 8.7 % in terms of revenue passenger kilometres .,negative,negative
"Profit after taxes for the period was up to EUR0 .9 m , from EUR0 .01 m last year .",positive,positive
"Therefore , the company 's 2005 result will remain weaker than that of 2004 .",negative,negative
"Tekla provides 3D software for building and infrastructure engineering , with a focus on building information modelling of steel and concrete structures from design to construction .",neutral,neutral
"ADPnews - Dec 23 , 2009 - Norwegian financial services group SpareBank 1 Gruppen AS OSL : SBGRP said its board of directors appointed today Jarle Haug managing director of its claims collection subsidiary SpareBank 1 Gruppen Finans",neutral,neutral
Work on the assignment has already started and is due for completion in spring 2011 .,neutral,neutral
"The company said that 80 % of the shares of the holding company will be sold to Meadville Holdings Limited , a Hong Kong listed parent company of the Meadville Group .",neutral,positive
"The Company serves approximately 3,000 customers in over 100 countries .",neutral,neutral
"The period 's sales dropped to EUR 30.6 million from EUR 38.3 million , according to the interim report , released today .",negative,negative
"However , the brokers ' ratings on the stock differ .",neutral,neutral
The total value of the deliveries is some EUR65m .,neutral,positive
"To check them out or to make a bid they will be in the Deka Showroom , Fortitude Valley .",neutral,neutral
Swedbank 's shares have been hardest hit of the Swedish banks by the ongoing international financial crisis .,negative,negative
"Copper , lead and nickel also dropped ... HBOS ( HBOS ) plummeted 20 % to 70.3 pence after saying this year+ó ??",negative,negative
New Novator products are supposed to be exported .,neutral,neutral
Investment management and investment advisory services are the company 's sole line of business .,neutral,neutral
The increase range will vary up to 10 % .,neutral,positive
"The Samsung Mobile Applications Store was launched in January 2009 by Samsung Mobile Innovator , a program which enables mobile software developers to create applications for use across Samsung mobile devices .",neutral,neutral
"Currently it operates a fleet of eight carriers , as well as nine pushers and barges .",neutral,neutral
"`` The enterprise value of the Fray Bentos pulp mill and Forestal Oriental totals approximately euro1 .6 billion , '' UPM said .",neutral,positive
The sellers were EOSS Innovationsmanagement and a group of private individuals .,neutral,neutral
"The add-on order contains , among others , control valves and instrumentation as well as complete mill engineering and electrification with Metso drive controls .",neutral,neutral
Cash flow from business operations totalled EUR 0.4 mn compared to a negative EUR 15.5 mn in the first half of 2008 .,positive,positive
"The devices would be launched in the Chinese market in late 2006 , the company said .",neutral,neutral
The CVs of the proposed members are available for viewing from 12 March 2008 onwards on the Internet at www.sampo.com/ir .,neutral,neutral
Registration is required .,neutral,neutral
The Diameter Protocol is developed according to the standards IETF RFC 3588 and IETF RFC 3539 .,neutral,neutral
Olli-Pekka Laine has been appointed as the Chairman and Erkki Pehu-Lehtonen as the Vice Chairman of the Board .,neutral,neutral
Mr. Kari Stadigh will carry on as Chairman of the Board and Mr. Matti Arteva as Vice-Chairman .,neutral,neutral
SHARE REPURCHASE 11.01.2008 In the Helsinki Stock Exchange On behalf of Sampo plc Danske Bank A-S Helsinki Branch,neutral,neutral
The company does not disclose the sum it applied for .,neutral,neutral
Pertti Ervi is independent from the Company and its major shareholders .,neutral,neutral
"Net interest income was EUR 39.3 mn , up from EUR 32.7 mn .",positive,positive
"He answers questions on how many visitors Conversations gets , how big the team is and what the problems are when setting up social media channels .",neutral,neutral
The annual net sales of the unit is some EUR 5 million and it currently employs some 55 people .,neutral,neutral
Ixonos will finance the acquisition through a 3.8 mln euro $ 5.2 mln loan .,neutral,neutral
"The company said that paper demand increased in all of its main markets , including of publication papers , and that it increased average paper prices by 4 percent compared with last year .",positive,positive
"Rohwedder Group is an automotive supplies , telecommunications and electronics industry provider for customers in Europe , North America and Asia .",neutral,neutral
Diluted earnings per share ( EPS ) rose to EUR 0.52 versus EUR 0.09 .,positive,positive
"The business transfer will take effect from 1 January 2007 , and in connection with this 47 employees will transfer from Elisa to Daxtum as continuing employees .",neutral,neutral
The group reiterated its forecast that handset manufacturers will sell around 915 mln units this year globally .,neutral,positive
"Maggie Ramsey 's wait - and those of thousands of Oregon and Washington guides , anglers and others who flock to his frequent seminars - is nearly over .",neutral,neutral
"Motorola Inc. of the United States came second with shipments of 217.4 million units for a 21.3 percent market share , followed by South Korea 's Samsung Electronics Co. with shipments of 118.0 million units for an 11.6 percent share .",neutral,positive
"In the first quarter of 2010 , the mark-to-market result was a pretax profit of EUR 133 million versus a loss of EUR 32 million in the same period last year .",positive,positive
Finnish elevators and escalators maker KONE Corporation said on Tuesday ( 18 March ) that it has received a major order from Sir Robert McAlpine to supply all elevators and escalators for the Watermark Place project in the City of London .,positive,positive
It will report full-year results on August 22 .,neutral,neutral
"In 2008 , the steel industry accounted for 64 percent of the cargo volumes transported , whereas the energy industry accounted for 28 percent and other industries for 8 percent .",neutral,neutral
Net sales revenue per passenger is expected to increase .,positive,positive
Okmetic expects its net sales for the first half of 2009 to be less than in 2008 .,negative,negative
"Addus ' services include personal care and assistance with activities of daily living , skilled nursing and rehabilitative therapies , and adult day care .",neutral,neutral
"The deal covers Stockmann Auto Oy Ab 's sales and after-sales services concerning Volkswagen and Audi in Helsinki , Espoo and Vantaa .",neutral,neutral
Net profit was 35.5 mln compared with 29.8 mln .,positive,positive
"Operators only need to learn how to use one device for multiple levels of applications , including voice-directed operations .",neutral,neutral
"Finnish software developer Basware Oyj said on November 30 , 2006 its U.S. subsidiary Basware , Inc. won an order to provide software for contract lifecycle management to an unnamed U.S. medical technology company .",positive,neutral
"In Finland 's Hobby Hall 's sales decreased by 10 % , and international sales fell by 19 % .",negative,negative
Oriola-KD is a spin-off of Finnish pharmaceutical group Orion Oyj 's wholesale division .,neutral,neutral
"The portfolio comprises of 118,000 m2 of leasable space with a vacancy rate of roughly 5 % , let to around 140 tenants of which two of the largest are the Swedish government and Ericsson .",neutral,neutral
"Our customers come from the following countries : UK , USA , Spain , France , Italy , Germany , China , Sweden , Norway , Netherlands , Austria , Belgium , Switzerland , Czech Republic , Serbia , Finland , Canada , Russia , Ukraine , Portugal , Denmark , Ireland , South Korea , Estonia and Liechtenstein .",neutral,neutral
"Thanks to the multiplying effect of wagon performance , transport will be much more efficient , '' says development manager Juha Malkia from VR Cargo .",positive,positive
"128,538 shares can still be subscribed for with Series E share options , max .",neutral,neutral
"The product advisory does not apply to any other Nokia-branded battery , the company said .",neutral,neutral
"Sales are expected to increase in the end of the year 2006 , however .",positive,neutral
"Savon koulutuskuntayhtyma , Finland based company has awarded contract for specialist agricultural or forestry machinery .",positive,neutral
"Finnish bank Pohjola Bank Plc HEL : POH1S said today that it will issue a EUR 40 million USD 51.2 m index-linked bond , Pohjola Tutkimuksen Tahdet VIII-2010 Pohjola Research Stars VIII-2010 , on October 27 , 2010 .",neutral,neutral
"2010 16 July 2010 - Finnish steel maker Rautaruukki Oyj HEL : RTRKS , or Ruukki , said today it turned to a net profit of EUR20m in the second quarter of 2010 from a net loss of EUR94m in the corresponding period last year .",positive,positive
"At the end of March 2009 , the company 's loans amounted to EUR 10.113 mn .",neutral,neutral
"October-December sales were 302 mln eur , or a 25.3 pct increase year on year .",positive,positive
"According to the Finnish-Russian Chamber of Commerce , all the major construction companies of Finland are operating in Russia .",neutral,neutral
Operating profit rose to EUR 13.5 mn from EUR 9.7 mn in the corresponding period in 2006 .,positive,positive
"The company was supposed to deliver machinery to a veneer mill in the Tomsk region , in Russia .",neutral,neutral
"Alma Media holds 70 % of this company , the remaining shares being owned by the company 's key employees .",neutral,neutral
The investment would be some EUR5m .,neutral,neutral
"The Lithuanian beer market made up 14.41 million liters in January , a rise of 0.8 percent from the year-earlier figure , the Lithuanian Brewers ' Association reporting citing the results from its members .",positive,neutral
"The start of the negotiations , relating to Glaston 's efficiency program , was announced in October .",neutral,neutral
HELSINKI AFX - Outokumpu said its technology unit has won a 28 mln eur contract from Bosnia-Herzegovina 's Aluminij dd Mostar to upgrade an anode plant .,positive,positive
"Quartal Oy now owns 2,094,063 shares in Satama Interactive Plc , which represents 5,19 per cent of the share capital and voting rights .",neutral,neutral
The beers differ slightly from mainstream beers .,neutral,neutral
"Finnish Sampo-Rosenlew manufactures approximately seven forest machines monthly , and about half of machines are exported .",neutral,neutral
"Metsaliitto will sell 1.1 million B shares of Neomarkka , accounting for about 18.3 pct of Neomarkka 's equity and about 12.7 pct of the voting rights .",neutral,neutral
The invention carries International Patent Publication No. .,neutral,neutral
Also the development of online businesses will continue .,neutral,neutral
Finnish consumer packaging manufacturer Huhtamaki Oyj said it swung to a net profit of 84.1 mln euro $ 105.6 mln in the first nine months of 2006 from a net loss of 2.6 mln euro $ 3.3 mln in the same period of 2005 .,positive,positive
"The unit 's clients are mainly in the field of specialist convenience goods , as well as in the textile , shoe and furniture businesses .",neutral,neutral
`` The issues identified by Stonesoft affect a range of content inspection technology .,neutral,neutral
The plan is estimated to generate some EUR 5 million ( USD 6.5 m ) in cost savings on an annual basis .,positive,positive
"It operates under three distinct brands : United Supermarkets , Market Street and United Supermercado .",neutral,neutral
Performance in the second half of 2009 exceeded expectations .,positive,positive
It will also strengthen Ruukki 's offshore business .,positive,positive
Marimekko is considering further measures in the matter .,neutral,neutral
The company expects meat purchases to remain at about 8mn kilos in 2011 .,neutral,neutral
The company confirmed its estimate for lower revenue for the whole 2009 than the year-ago EUR93 .9 m as given in the interim report on 5 August 2009 .,negative,negative
"The Helsinki-based company , which also owns the Salomon , Atomic and Suunto brands , said net profit rose 15 percent in the three months through Dec. 31 to (  x20ac ) 47 million ( $ 61US million ) , from (  x20ac ) 40.8 million a year earlier .",positive,positive
Saunalahti is a part of the Elisa group .,neutral,neutral
"According to preliminary data from Slovakia 's Statistics Office , goods worth E36 .4 million were imported from Finland between January and October 2010 , making up 0.1 percent of Slovakia 's total imports .",neutral,neutral
"In volume , the focus is already outside Finland , as 60 % of the group 's products are made in Poland and the Baltic countries .",neutral,positive
The forecast for 2012 is 3.3 % .,neutral,positive
Exel is headquartered in Mantyharju in Finland .,neutral,neutral
"Investors will continue being interested in the company 's share although it is not quite cheap , Affarsvarlden said .",positive,neutral
At CapMan Haavisto will be responsible for Group Finances and Accounting and IT .,neutral,neutral
Mr Skogster currently serves as the manager responsible for ABB Oy 's system modules for low voltage drives .,neutral,neutral
"The operations to be sold include manufacturing units in Finland , France , Poland and Turkey , as well as sales units in Germany and Lithuania .",neutral,neutral
"At first , Solteq 's services to companies operating in the St. Petersburg area will include maintenance and material management systems and data collection solutions .",neutral,neutral
Capitex Kalmar will continue to be responsible for the maintenance and technical development of the services .,neutral,neutral
Diluted earnings per share ( EPS ) stood at EUR 0.25 versus EUR 0.42 .,negative,negative
"Steek , which was set up in 2002 , is based in Bordeaux , southwestern France .",neutral,neutral
"Metsa-Botnia will finance the payment of dividends , the repayment of capital and the repurchase of its own shares with the funds deriving from its divestment of the Uruguay operations , and shares in Pohjolan Voima , and by utilising its existing financing facilities .",neutral,positive
"Honkarakenne mainly exports large luxury log houses to Russia to be used as one-family houses or holiday homes ; 70 % of sales go to the Moscow region , about 20 % to the St Petersburg region , and the remainder to other locations .",neutral,positive
"Changes in the market situation and tougher price competition have substantially reduced demand for bread packaging manufactured at the Kauhava plant , according to the company .",negative,negative
Tiimari operates 194 stores in six countries -- including its core Finnish market -- and generated a turnover of 76.5 mln eur in 2005 .,neutral,positive
Shares will be acquired in accordance with section 5 of the rules of NASDAQ OMX Helsinki and other rules applicable to the acquisition of own shares .,neutral,neutral
There have not been previous share subscriptions with 2004 stock options .,neutral,neutral
"The remainder of its revenues will come from technology agreements with other firms , InterDigital said .",neutral,neutral
"The acquisition does not have to be from the frozen foods or fish sector , as long as it has synergies with L+ñnnen Tehtaat 's other businesses .",neutral,neutral
BasWare Order Matching automatically matches purchase invoices with approved purchase orders .,neutral,neutral
Group net sales in the third quarter of 2007 totaled EUR 142.3 mn and operating profit EUR 4.3 mn .,neutral,neutral
"Alpina Sports is a Lebanon , New Hampshire USA based distributor of e.g. Alpina ski shoes and skis , Exel ski poles , Start ski waxes and now also Peltonen cross-country skis .",neutral,neutral
"FinancialWire tm is not a press release service , and receives no compensation for its news , opinions or distributions .",neutral,neutral
The financial statements release will be available after publishing on the Company 's internet pages at www.cargotec.com .,neutral,neutral
Aker Yards Finland will begin using Chinese subcontractors at its Finnish shipyards .,neutral,neutral
"Fortum expects its annual capital expenditure in the next four to five years to be within a range of EUR 0.8-1 .2 billion , as earlier announced .",neutral,neutral
"Cost cutting measures , which have produced around EUR70m of savings over the past nine months , have dampened the airline 's loss , Finnair said .",positive,neutral
Finnish Bank of +àland reports its operating profit rose to EUR 21.3 mn in the second quarter of 2009 from EUR 6.1 mn in the corresponding period in 2008 .,positive,positive
"The firm is headquartered in Vantaa , southern Finland and has 16 employees .",neutral,neutral
"Full-year net sales are expected to increase by approximately 10 % , the company said .",positive,positive
"Kemira , headquartered in Helsinki , Finland , is an international chemicals group comprising the business areas Kemira Pulp & Paper , Kemira Water , Kemira Specialty and Kemira Coatings .",neutral,neutral
Finnish media group Talentum has issued a profit warning .,negative,negative
The closing of such transaction took place today .,neutral,neutral
"According to Gallup Food and Farm Facts , beef consumption totaled 99mn kilos in Finland in 2007 .",neutral,neutral
The plant is expected to enter commercial operation by mid-2009 .,neutral,neutral
"It will be operated by Nokia , and supported by its Nokia NetAct network and service management system .",neutral,neutral
"Mr Ashley , deputy executive chairman of Sports Direct , sold a 43pc stake in the company for more than pounds 900m at the time of the float .",neutral,positive
It has some 30 offices worldwide and more than 90 pct of its net sales are generated outside Finland .,neutral,positive
